Origin,Destination,DepArr,Options,StopNo,RouteNo
Alma St and 1st Ave,22nd St Station,DEP,WEB ALLSTEP2,50273,2
Dunbar St and 2nd Ave,29th Avenue Station,ARR,WEB ALLSTEP2,50298,4
Collingwood St and 3rd Ave,54th Avenue Loop,DEP,WEB ALLSTEP2,50447,7
Waterloo St and 4th Ave,63rd Avenue Loop,ARR,WEB ALLSTEP2,50448,9
Blenheim St and 5th Ave,8 Rinks Burnaby,DEP,WEB ALLSTEP2,50600,14
Trutch St and 6th Ave,Aberdeen Centre,ARR,WEB ALLSTEP2,50640,15
Balaclava St and 7th Ave,Aberdeen Station,DEP,WEB ALLSTEP2,50641,19
Bayswater St and 8th Ave,Airport - South Terminal,ARR,WEB ALLSTEP2,50737,25
Macdonald St and 9th Ave,Airport - YVR,DEP,WEB ALLSTEP2,50738,27
Stephen St and 10th Ave,Al Anderson Memorial Pool,ARR,WEB ALLSTEP2,50955,28
Trafalgar St and 11th Ave,Aldergrove Kinsmen Centre,DEP,WEB ALLSTEP2,51120,302
Larch St and 12th Ave,Aldergrove Library,ARR,WEB ALLSTEP2,51470,33
Balsam St and 13th Ave,Alexandra Neighbourhood House,DEP,WEB ALLSTEP2,51695,41
Vine St and 14th Ave,Alma St and 1st Ave,ARR,WEB ALLSTEP2,51747,43
Yew St and 15th Ave,Ambleside Park,DEP,WEB ALLSTEP2,51761,44
Arbutus St and 16th Ave,Amtrak,ARR,WEB ALLSTEP2,51861,49
Maple St and 17th Ave,Anmore Grocery Store,DEP,WEB ALLSTEP2,51893,68
Cypress St and 18th Ave,Anmore Village Hall,ARR,WEB ALLSTEP2,52123,70
Pine Cres and 19th Ave,Antrim Ave and Beresford St,DEP,WEB ALLSTEP2,52220,84
Oak St and 20th Ave,Arbutus St and 16th Ave,ARR,WEB ALLSTEP2,52717,95
Laurel St and 21st Ave,Argyle St and 54th Ave,DEP,WEB ALLSTEP2,52807,96
Heather St and 22nd Ave,Ash St and 23rd Ave,ARR,WEB ALLSTEP2,52998,99
Ash St and 23rd Ave,Balaclava St and 7th Ave,DEP,WEB ALLSTEP2,53096,110
Tupper St and 24th Ave,Ballantyne Pier,ARR,WEB ALLSTEP2,54026,112
Yukon St and 25th Ave,Balsam St and 13th Ave,DEP,WEB ALLSTEP2,54077,116
Columbia St and 26th Ave,Barnet Marine Park,ARR,WEB ALLSTEP2,54100,119
Manitoba St and 27th Ave,Barrie Ave and Victory St,DEP,WEB ALLSTEP2,54119,129
Ontario St and 28th Ave,Bayswater St and 8th Ave,ARR,WEB ALLSTEP2,54134,130
James St and 29th Ave,BC Cancer Agency Vancouver,DEP,WEB ALLSTEP2,54165,130
Quebec St and 30th Ave,BC Cancer Ageny Fraser Valley,ARR,WEB ALLSTEP2,54196,131
Prince Edward St and 31st Ave,BC Ferries - Horseshoe Bay,DEP,WEB ALLSTEP2,54333,144
Main St and 32nd Ave,BC Ferries - Tsawwassen,ARR,WEB ALLSTEP2,54410,146
Sophia St and 33rd Ave,BC Place,DEP,WEB ALLSTEP2,54411,147
St George St and 34th Ave,BCIT - Aerospace Technology Campus,ARR,WEB ALLSTEP2,54421,150
Fraser St and 35th Ave,BCIT - Downtown Campus,DEP,WEB ALLSTEP2,54423,151
Walden St and 36th Ave,BCIT - Main Campus,ARR,WEB ALLSTEP2,54424,152
Chester St and 37th Ave,BCIT - Pacific Marine Institute,DEP,WEB ALLSTEP2,54425,153
Prince Albert St and 38th Ave,BCIT Motive Power Centre of Excellence,ARR,WEB ALLSTEP2,54441,159
Windsor St and 39th Ave,Bear Creek Park,DEP,WEB ALLSTEP2,54442,160
Ross St and 40th Ave,Beaty Biodiversity Museum,ARR,WEB ALLSTEP2,54516,160
Sherbrooke St and 41st Ave,Belcarra Regional Park,DEP,WEB ALLSTEP2,54608,169
Inverness St and 43rd Ave,Belcarra Village Hall,ARR,WEB ALLSTEP2,54793,171
Culloden St and 45th Ave,Bell Performing Arts Centre,DEP,WEB ALLSTEP2,54824,172
Knight St and 47th Ave,Big Splash Waterpark,ARR,WEB ALLSTEP2,54876,173
Lanark St and 49th Ave,Bill Copeland Sports Centre,DEP,WEB ALLSTEP2,54877,174
Dumfries St and 51st Ave,Bill Reid Millennium Ampitheatre,ARR,WEB ALLSTEP2,54878,175
Fleming St and 53rd Ave,Blaine Ave and Kitchener St,DEP,WEB ALLSTEP2,54887,179
Argyle St and 54th Ave,Blanca Loop,ARR,WEB ALLSTEP2,55041,183
Commercial St and 55th Ave,Blenheim St and 5th Ave,DEP,WEB ALLSTEP2,55128,185
Braeburn St and 56th Ave,Bloedel Conservatory,ARR,WEB ALLSTEP2,55131,186
Greenall Ave and Marine Dr,Blue Mountain Park,DEP,WEB ALLSTEP2,55164,187
Patterson Ave and Carson St,Bob Prittie Metrotown Library,ARR,WEB ALLSTEP2,55178,188
Sussex Ave and Portland St,Bonsor Recreation Centre,DEP,WEB ALLSTEP2,55179,189
Dow Ave and Clinton St,Boundary Bay Airport,ARR,WEB ALLSTEP2,55192,191
Gray Ave and Neville St,Boundary Bay Regional Park,DEP,WEB ALLSTEP2,55299,228
Waverley Ave and Rumble St,Boundary Loop,ARR,WEB ALLSTEP2,55411,229
Jubilee Ave and Irmin St,Bowen Artisan Square,DEP,WEB ALLSTEP2,55456,230
Nelson Ave and Watling St,Bowen Bluewater,ARR,WEB ALLSTEP2,55488,231
Royal Oak Ave and Sidley St,Bowen Crippen Regional Park,DEP,WEB ALLSTEP2,55489,232
Barrie Ave and Victory St,Bowen Eaglecliff at Baker,ARR,WEB ALLSTEP2,55499,236
Antrim Ave and Beresford St,Bowen Public Library,DEP,WEB ALLSTEP2,55538,239
Macpherson Ave and Short St,Bowen Snug Cove,ARR,WEB ALLSTEP2,55578,239
Shirley Ave and Dorset St,Braeburn St and 56th Ave,DEP,WEB ALLSTEP2,55645,242
Merritt Ave and Imperial St,Braid Station,ARR,WEB ALLSTEP2,55688,246
Dufferin Ave and Kingsway,Brantford Ave and Oakland St,DEP,WEB ALLSTEP2,55760,246
Russell Ave and Bryant St,Brentwood Town Centre,ARR,WEB ALLSTEP2,55941,250
Kisbey Ave and Burns Pl,Brentwood Town Centre Station,DEP,WEB ALLSTEP2,55944,251
Waltham Ave and Dickens St,Bridge Studios,ARR,WEB ALLSTEP2,56019,252
Gilley Ave and Berwick St,Bridgeport Station,DEP,WEB ALLSTEP2,56022,253
Brantford Ave and Oakland St,Bridgeport Station Park & Ride,ARR,WEB ALLSTEP2,56030,254
Empress Ave and Stanley St,Brighouse Library,DEP,WEB ALLSTEP2,56081,255
Sperling Ave and Haszard St,Brighouse Station,ARR,WEB ALLSTEP2,56136,256
Malvern Ave and Burris St,Britannia Community Centre,DEP,WEB ALLSTEP2,56280,257
Fell Ave and Broadway,Britannia Library,ARR,WEB ALLSTEP2,56383,258
Woolwich Ave and Dawson St,Broadway - City Hall Station,DEP,WEB ALLSTEP2,56388,258
Kensington Ave and Sumas St,Brookswood Library,ARR,WEB ALLSTEP2,56394,262
Tallin Ave and Halifax St,Buntzen Lake,DEP,WEB ALLSTEP2,56664,301
Cliff Ave and Winch St,Burnaby City Hall,ARR,WEB ALLSTEP2,56673,301
Blaine Ave and Kitchener St,Burnaby Hospital,DEP,WEB ALLSTEP2,57027,311
Sherlock Ave and Curtis St,Burnaby Lake Regional Park,ARR,WEB ALLSTEP2,57097,319
Duthie Ave and Hewitt St,Burnaby Lake Sports Complex West,DEP,WEB ALLSTEP2,57136,320
Simon Fraser University,Burnaby Mountain Conservation Area,ARR,WEB ALLSTEP2,57143,321
Porter St and Foster Ave,Burnaby RCMP,DEP,WEB ALLSTEP2,57188,322
Schoolhouse St and Eden Ave,Burnaby School Board,ARR,WEB ALLSTEP2,57377,323
Poirier St and Cornell Ave,Burnaby Village Museum,DEP,WEB ALLSTEP2,57395,324
Linton St and Como Lake Ave,Burquitlam Station,ARR,WEB ALLSTEP2,57396,325
Mariner Way and Hawser Ave,Burrard Station,DEP,WEB ALLSTEP2,57518,335
Lansdowne Dr and Aberdeen Ave,Cambie Community Centre,ARR,WEB ALLSTEP2,58042,341
Ponderosa St and Crabbe Ave,Cambie Library,DEP,WEB ALLSTEP2,58043,342
Westwood St and Anson Ave,Cameron Complex,ARR,WEB ALLSTEP2,58143,351
Nestor St and Gambier Ave,Cameron Library,DEP,WEB ALLSTEP2,58292,352
Gabriola Dr and Harwood Ave,Canada Games Pool,ARR,WEB ALLSTEP2,58597,354
Shaughnessy St and Elizabeth Dr,Canada Place,DEP,WEB ALLSTEP2,58724,364
David Ave and Oxford St,Canadian Museum of Flight,ARR,WEB ALLSTEP2,58725,372
Galloway Park,Canlan Ice Sports North Shore,DEP,WEB ALLSTEP2,58727,393
Beaty Biodiversity Museum,Canuck Place,ARR,WEB ALLSTEP2,58728,395
Bell Performing Arts Centre,Capilano Library,DEP,WEB ALLSTEP2,58895,401
Burnaby Village Museum,Capilano Mall,ARR,WEB ALLSTEP2,59237,402
Canadian Museum of Flight,Capilano Regional Park,DEP,WEB ALLSTEP2,59810,403
Centennial Theatre,Capilano Salmon Hatchery,ARR,WEB ALLSTEP2,59832,404
Chan Centre for the Performing Arts,Capilano Suspension Bridge,DEP,WEB ALLSTEP2,59852,405
Evergreen Cultural Centre,Capilano University,ARR,WEB ALLSTEP2,59863,406
Firehall Arts Centre,Carnegie Library,DEP,WEB ALLSTEP2,59889,407
Fraser River Discovery Centre,Carvolth Exchange,ARR,WEB ALLSTEP2,59931,408
Gateway Theatre,Carvolth Exchange Park & Ride,DEP,WEB ALLSTEP2,59932,410
Gulf of Georgia Cannery National Historic Site,Cascades Casino,ARR,WEB ALLSTEP2,59933,412
HR MacMillan Space Centre,Cates Park,DEP,WEB ALLSTEP2,60099,414
Jericho Arts Centre,Caulfeild Village,ARR,WEB ALLSTEP2,60100,416
Massey Theatre,Cedar Cottage Neighbourhood House,DEP,WEB ALLSTEP2,60117,430
Michael J. Fox Theatre,Centennial Community Centre,ARR,WEB ALLSTEP2,60158,480
Minoru Chapel,Centennial Lodge Queens Park,DEP,WEB ALLSTEP2,60159,501
Museum of Anthropology at UBC,Centennial Park Leisure Centre and Arena,ARR,WEB ALLSTEP2,60160,560
Museum Of Vancouver,Centennial Theatre,DEP,WEB ALLSTEP2,61011,561
Orpheum Theatre,Central at Garden City,ARR,WEB ALLSTEP2,61057,562
Planetarium,Central City,DEP,WEB ALLSTEP2,61058,563
Port Moody Arts Centre,Central Park,ARR,WEB ALLSTEP2,61059,564
Port Moody Station Museum,Centre for Child Development,DEP,WEB ALLSTEP2,61060,595
Queen Elizabeth Theatre,Century House Seniors Centre,ARR,WEB ALLSTEP2,61061,601
Richmond Art Gallery,CG Brown Memorial Pool,DEP,WEB ALLSTEP2,61062,602
Science World,Champlain Heights Community Centre,ARR,WEB ALLSTEP2,61063,603
Shadbolt Centre for the Arts,Champlain Library,DEP,WEB ALLSTEP2,61064,604
Stanley Theatre,Champlain Square,ARR,WEB ALLSTEP2,61068,620
Steveston Village,Chan Centre for the Performing Arts,DEP,WEB ALLSTEP2,61069,701
Surrey Arts Centre,Chances Maple Ridge Casino,ARR,WEB ALLSTEP2,61070,733
Surrey Museum & Archives,Chester St and 37th Ave,DEP,WEB ALLSTEP2,61071,741
Terry Fox Theatre,Children's Hospital,ARR,WEB ALLSTEP2,61430,743
The Centre in Vancouver,Chinatown,DEP,WEB ALLSTEP2,61597,744
The Cultch,Chuck Bailey Recreation Centre,ARR,WEB ALLSTEP2,61629,745
Theatre Under the Stars,Cinematheque,DEP,WEB ALLSTEP2,61701,746
Vancouver Academy of Music,City Centre Library Surrey,ARR,WEB ALLSTEP2,61702,748
Vancouver Aquarium,City Square Shopping Centre,DEP,WEB ALLSTEP2,61704,749
Vancouver Art Gallery,Cleveland Dam,ARR,WEB ALLSTEP2,61705,791
Vancouver East Cultural Centre,Cliff Ave and Winch St,DEP,WEB ALLSTEP2,61709,2
Vancouver Maritime Museum,Cloverdale Arena,ARR,WEB ALLSTEP2,61710,4
Vancouver Playhouse,Cloverdale Athletic Park,DEP,WEB ALLSTEP2,61711,7
Vancouver Police Museum,Cloverdale Fairgrounds,ARR,WEB ALLSTEP2,61712,9
Vogue Theatre,Cloverdale Library,DEP,WEB ALLSTEP2,61713,14
Woodward's Historic District,Cloverdale Recreation Centre,ARR,WEB ALLSTEP2,61714,14
York Theatre,Cloverdale Seniors Centre,DEP,WEB ALLSTEP2,61715,19
Cascades Casino,Cloverdale Youth Centre,ARR,WEB ALLSTEP2,61716,25
Chances Maple Ridge Casino,Coal Harbour Community Centre,DEP,WEB ALLSTEP2,61717,27
Elements Casino,Collingwood Library,ARR,WEB ALLSTEP2,61718,28
Fraser Downs Racetrack and Casino,Collingwood Neighbourhood House,DEP,WEB ALLSTEP2,61719,32
Grand Villa Casino,Collingwood St and 3rd Ave,ARR,WEB ALLSTEP2,61720,33
Hard Rock Casino,Colony Farm Regional Park,DEP,WEB ALLSTEP2,61721,41
Hastings Racecourse And Casino,Colossus Langley,ARR,WEB ALLSTEP2,61722,43
River Rock Casino Resort,Columbia College,DEP,WEB ALLSTEP2,61769,44
Starlight Casino,Columbia St and 26th Ave,ARR,WEB ALLSTEP2,61772,49
8 Rinks Burnaby,Columbia Station,DEP,WEB ALLSTEP2,61776,68
Al Anderson Memorial Pool,Commercial - Broadway Station,ARR,WEB ALLSTEP2,61782,70
Aldergrove Kinsmen Centre,Commercial Drive,DEP,WEB ALLSTEP2,61917,84
Alexandra Neighbourhood House,Commercial St and 55th Ave,ARR,WEB ALLSTEP2,61934,95
Bill Copeland Sports Centre,Commodore Ballroom,DEP,WEB ALLSTEP2,61935,96
Bill Reid Millennium Ampitheatre,Como Lake Park,ARR,WEB ALLSTEP2,61979,99
Bonsor Recreation Centre,Confederation Centre,DEP,WEB ALLSTEP2,50273,110
Britannia Community Centre,Coopers Park,ARR,WEB ALLSTEP2,50298,112
Burnaby Lake Sports Complex West,Coquitlam Central Station,DEP,WEB ALLSTEP2,50447,116
Cambie Community Centre,Coquitlam Centre Mall,ARR,WEB ALLSTEP2,50448,119
Cameron Complex,Coquitlam City Centre Aquatic Complex,DEP,WEB ALLSTEP2,50600,129
Canada Games Pool,Coquitlam City Centre Library,ARR,WEB ALLSTEP2,50640,130
Canlan Ice Sports North Shore,Coquitlam City Hall,DEP,WEB ALLSTEP2,50641,130
Cedar Cottage Neighbourhood House,Coquitlam RCMP,ARR,WEB ALLSTEP2,50737,131
Centennial Community Centre,Coquitlam School Board,DEP,WEB ALLSTEP2,50738,144
Centennial Lodge Queens Park,Coquitlam Station Park & Ride,ARR,WEB ALLSTEP2,50955,146
Centennial Park Leisure Centre and Arena,Creekside Community Recreation Centre,DEP,WEB ALLSTEP2,51120,147
Century House Seniors Centre,Crescent Beach,ARR,WEB ALLSTEP2,51470,150
CG Brown Memorial Pool,Croatian Cultural Centre,DEP,WEB ALLSTEP2,51695,151
Champlain Heights Community Centre,Culloden St and 45th Ave,ARR,WEB ALLSTEP2,51747,152
Chuck Bailey Recreation Centre,Cypress St and 18th Ave,DEP,WEB ALLSTEP2,51761,153
Cloverdale Arena,David Ave and Oxford St,ARR,WEB ALLSTEP2,51861,159
Cloverdale Athletic Park,Deas Island Regional Park,DEP,WEB ALLSTEP2,51893,160
Cloverdale Recreation Centre,Deep Cove,ARR,WEB ALLSTEP2,52123,160
Cloverdale Seniors Centre,Deer Lake Park,DEP,WEB ALLSTEP2,52220,169
Cloverdale Youth Centre,Delbrook Recreation Centre,ARR,WEB ALLSTEP2,52717,171
Coal Harbour Community Centre,Delta Hospital,DEP,WEB ALLSTEP2,52807,172
Collingwood Neighbourhood House,Delta Municipal Hall,ARR,WEB ALLSTEP2,52998,173
Confederation Centre,Delta Pioneer Library,DEP,WEB ALLSTEP2,53096,174
Coquitlam City Centre Aquatic Complex,Delta Police,ARR,WEB ALLSTEP2,54026,175
Creekside Community Recreation Centre,Delta School Board,DEP,WEB ALLSTEP2,54077,179
Delbrook Recreation Centre,Delta View Life Enrichment Centre,ARR,WEB ALLSTEP2,54100,183
Dogwood Pavilion,Diamond Health Care Centre,DEP,WEB ALLSTEP2,54119,185
Don Christian Recreation Centre,Dogwood Pavilion,ARR,WEB ALLSTEP2,54134,186
Doug Mitchell Thunderbird Sports Centre,Don Christian Recreation Centre,DEP,WEB ALLSTEP2,54165,187
Douglas Park Community Centre,Doug Mitchell Thunderbird Sports Centre,ARR,WEB ALLSTEP2,54196,188
Douglas Recreation Centre,Douglas College - David Lam Campus,DEP,WEB ALLSTEP2,54333,189
Dunbar Community Centre,Douglas College - New Westminster,ARR,WEB ALLSTEP2,54410,191
Eastburn Community Centre,Douglas Park Community Centre,DEP,WEB ALLSTEP2,54411,228
Edmonds Community Centre,Douglas Recreation Centre,ARR,WEB ALLSTEP2,54421,229
Eileen Dailly Leisure Pool and Fitness Centre,Dow Ave and Clinton St,DEP,WEB ALLSTEP2,54423,230
False Creek Community Centre,Downtown Vancouver,ARR,WEB ALLSTEP2,54424,231
First Nations Youth Centre,Dr. Sun Yat-Sen Chinese Garden,DEP,WEB ALLSTEP2,54425,232
Fleetwood Community Centre,Dufferin Ave and Kingsway,ARR,WEB ALLSTEP2,54441,236
Frog Hollow Neighbourhood House,Dumfries St and 51st Ave,DEP,WEB ALLSTEP2,54442,239
George Preston Recreation Centre,Dunbar Community Centre,ARR,WEB ALLSTEP2,54516,239
Glen Pine Pavilion,Dunbar Library,DEP,WEB ALLSTEP2,54608,242
Golden Ears Winter Club,Dunbar Loop,ARR,WEB ALLSTEP2,54793,246
Gordon Neighbourhood House,Dunbar St and 2nd Ave,DEP,WEB ALLSTEP2,54824,246
Grandview Heights Aquatic Centre,Dunbar Theatre,ARR,WEB ALLSTEP2,54876,250
Guildford Recreation Centre,Dundarave Village,DEP,WEB ALLSTEP2,54877,251
Hamilton Community Centre,Duthie Ave and Hewitt St,ARR,WEB ALLSTEP2,54878,252
Hammond Community Centre,Eagle Ridge Hospital,DEP,WEB ALLSTEP2,54887,253
Harry Jerome Recreation Centre,East Guildford Park & Ride,ARR,WEB ALLSTEP2,55041,254
Hastings Community Centre,Eastburn Community Centre,DEP,WEB ALLSTEP2,55128,255
Hillcrest Centre,Easter Seals House,ARR,WEB ALLSTEP2,55131,256
Hillcrest Pool,Edgemont Village,DEP,WEB ALLSTEP2,55164,257
Hyde Creek Recreation Centre,Edmonds Community Centre,ARR,WEB ALLSTEP2,55178,258
John Braithwaite Community Centre,Edmonds Station,DEP,WEB ALLSTEP2,55179,258
Karen Magnussen Recreation Centre,Eileen Dailly Leisure Pool and Fitness Centre,ARR,WEB ALLSTEP2,55192,262
Kennedy House Seniors Recreation Centre,Elements Casino,DEP,WEB ALLSTEP2,55299,301
Kensington Community Centre,Emily Carr University,ARR,WEB ALLSTEP2,55411,301
Kensington Complex,Empress Ave and Stanley St,DEP,WEB ALLSTEP2,55456,311
Kent Street Activity Centre,English Bay,ARR,WEB ALLSTEP2,55488,319
Kerrisdale Community Centre,Esplanade 6 Cinemas,DEP,WEB ALLSTEP2,55489,320
Kerrisdale Cyclone Taylor Arena,Evergreen Cultural Centre,ARR,WEB ALLSTEP2,55499,321
Killarney Community Centre,Fairmont Medical Building,DEP,WEB ALLSTEP2,55538,322
Kinsmen Recreation Centre,False Creek Community Centre,ARR,WEB ALLSTEP2,55578,323
Kitisilano Neighbourhood House,FareDealer Office - TransLink,DEP,WEB ALLSTEP2,55645,324
Kitsilano War Memorial Community Centre,Fell Ave and Broadway,ARR,WEB ALLSTEP2,55688,325
Ladner Leisure Centre,Ferry Terminal - Horseshoe Bay,DEP,WEB ALLSTEP2,55760,335
Lang Centre Richmond,Ferry Terminal - Tsawwassen,ARR,WEB ALLSTEP2,55941,341
Langley Sportsplex,Fifth Avenue Cinemas,DEP,WEB ALLSTEP2,55944,342
Little Mountain Neighbourhood House,Firehall Arts Centre,ARR,WEB ALLSTEP2,56019,351
Lord Byng Pool,Firehall Library,DEP,WEB ALLSTEP2,56022,352
Lynn Valley Recreation Centre,First Nations Youth Centre,ARR,WEB ALLSTEP2,56030,354
Maritime Labour Centre,Fleetwood Community Centre,DEP,WEB ALLSTEP2,56081,364
Marpole-Oakridge Community Centre,Fleetwood Library,ARR,WEB ALLSTEP2,56136,372
McKee House Seniors Recreation Centre,Fleming St and 53rd Ave,DEP,WEB ALLSTEP2,56280,393
Memorial Recreation Centre,Fort Langley Library,ARR,WEB ALLSTEP2,56383,395
Mickey McDougall Recreation Centre,Fort Langley National Historic Site,DEP,WEB ALLSTEP2,56388,401
Minoru Aquatic Centre,Fraser Downs Racetrack and Casino,ARR,WEB ALLSTEP2,56394,402
Minoru Arena,Fraser River Discovery Centre,DEP,WEB ALLSTEP2,56664,403
Minoru Place Activity Centre,Fraser St and 35th Ave,ARR,WEB ALLSTEP2,56673,404
Minoru Sports Pavilion,Fraser Valley Cancer Centre,DEP,WEB ALLSTEP2,57027,405
Mollie Nye House,Fraserview Library,ARR,WEB ALLSTEP2,57097,406
Mount Pleasant Community Centre,Fremont Village Shopping Centre,DEP,WEB ALLSTEP2,57136,407
Mount Pleasant Neighbourhood House,Frog Hollow Neighbourhood House,ARR,WEB ALLSTEP2,57143,408
New Brighton Pool,Gabriola Dr and Harwood Ave,DEP,WEB ALLSTEP2,57188,410
Newton Arena,Galloway Park,ARR,WEB ALLSTEP2,57377,412
Newton Athletic Park,Garry Point Park,DEP,WEB ALLSTEP2,57395,414
Newton Recreation Centre,Gastown,ARR,WEB ALLSTEP2,57396,416
Newton Seniors' Centre,Gateway Station,DEP,WEB ALLSTEP2,57518,430
Newton Wave Pool,Gateway Theatre,ARR,WEB ALLSTEP2,58042,480
Newton Youth Centre,George Derby Long Term Care,DEP,WEB ALLSTEP2,58043,501
North Delta Recreation Centre,George Mackie Library,ARR,WEB ALLSTEP2,58143,560
North Shore Neighbourhood House,George Pearson Centre,DEP,WEB ALLSTEP2,58292,561
North Surrey Recreation Centre,George Preston Recreation Centre,ARR,WEB ALLSTEP2,58597,562
Grant Connell Tennis Centre,GF Strong Rehabilitation Centre,DEP,WEB ALLSTEP2,58724,563
Old Barn Community Centre,Gilley Ave and Berwick St,ARR,WEB ALLSTEP2,58725,564
Parkgate Community Centre,Gilmore Station,DEP,WEB ALLSTEP2,58727,595
Pinetree Community Centre,Glen Pine Pavilion,ARR,WEB ALLSTEP2,58728,601
Planet Ice Coquitlam,Gleneagles Park & Ride,DEP,WEB ALLSTEP2,58895,602
Planet Ice Maple Ridge,Golden Ears Winter Club,ARR,WEB ALLSTEP2,59237,603
Poirier Community Centre,Gordon Neighbourhood House,DEP,WEB ALLSTEP2,59810,604
Poirier Forum,Grand Villa Casino,ARR,WEB ALLSTEP2,59832,620
Poirier Sport and Leisure Complex,Grandview Corners,DEP,WEB ALLSTEP2,59852,701
Port Coquitlam Recreation Complex,Grandview Heights Aquatic Centre,ARR,WEB ALLSTEP2,59863,733
Port Moody Recreation Complex,Grant Connell Tennis Centre,DEP,WEB ALLSTEP2,59889,741
Queens Park Arena,Granville Island,ARR,WEB ALLSTEP2,59931,743
Queens Park Arenex,Granville Station,DEP,WEB ALLSTEP2,59932,744
Queensborough Community Centre,Gray Ave and Neville St,ARR,WEB ALLSTEP2,59933,745
Ray-Cam Co-operative Centre,Great Northern Way Campus,DEP,WEB ALLSTEP2,60099,746
Renfrew Park Community Centre,Greenall Ave and Marine Dr,ARR,WEB ALLSTEP2,60100,748
Richmond Ice Centre,Greyhound - Vancouver,DEP,WEB ALLSTEP2,60117,749
Richmond Olympic Oval,Greyhound Station - Coquitlam,ARR,WEB ALLSTEP2,60158,791
Ron Andrews Recreation Centre,Greyhound Station - Langley,DEP,WEB ALLSTEP2,60159,2
Roundhouse Community Centre,Greyhound Station - Maple Ridge,ARR,WEB ALLSTEP2,60160,4
Sasamat Neighbourhood House,Grouse Mountain,DEP,WEB ALLSTEP2,61011,7
Sea Island Community Centre,Guildford Exchange,ARR,WEB ALLSTEP2,61057,9
Seycove Recreation Centre,Guildford Library,DEP,WEB ALLSTEP2,61058,14
Seylynn Recreation Centre,Guildford Recreation Centre,ARR,WEB ALLSTEP2,61059,14
Silver Harbour Centre,Guildford Town Centre,DEP,WEB ALLSTEP2,61060,19
South Arm Community Centre,Gulf of Georgia Cannery National Historic Site,ARR,WEB ALLSTEP2,61061,25
South Burnaby Neighbourhood House,GVRD - Metro Vancouver,DEP,WEB ALLSTEP2,61062,27
South Delta Recreation Centre,Hamilton Community Centre,ARR,WEB ALLSTEP2,61063,28
South Surrey Arena,Hammond Community Centre,DEP,WEB ALLSTEP2,61064,32
South Surrey Community Recreation Centre,Haney Place Transit Exchange,ARR,WEB ALLSTEP2,61068,33
South Surrey Indoor Pool,Harbour Centre,DEP,WEB ALLSTEP2,61069,41
South Vancouver Neighbourhood House,Hard Rock Casino,ARR,WEB ALLSTEP2,61070,43
Steveston Community Centre,Harrison Loop,DEP,WEB ALLSTEP2,61071,44
Strathcona Community Centre,Harry Jerome Recreation Centre,ARR,WEB ALLSTEP2,61430,49
Summit Community Centre,Harry Jerome Sports Centre,DEP,WEB ALLSTEP2,61597,68
Sungod Recreation Centre,Hastings Community Centre,ARR,WEB ALLSTEP2,61629,70
Sunset Community Centre,Hastings Library,DEP,WEB ALLSTEP2,61701,84
Sunset Rink,Hastings Racecourse And Casino,ARR,WEB ALLSTEP2,61702,95
Surrey Sport & Leisure Complex,Heather Square,DEP,WEB ALLSTEP2,61704,96
Templeton Pool,Heather St and 22nd Ave,ARR,WEB ALLSTEP2,61705,99
Thompson Community Centre,Helijet International,DEP,WEB ALLSTEP2,61709,110
Thunderbird Arena,Highgate Village,ARR,WEB ALLSTEP2,61710,112
Thunderbird Community Centre,Hillcrest Centre,DEP,WEB ALLSTEP2,61711,116
Timms Community Centre,Hillcrest Park,ARR,WEB ALLSTEP2,61712,119
Tong Louie Family YMCA,Hillcrest Pool,DEP,WEB ALLSTEP2,61713,129
Trout Lake Community Centre,Holdom Station,ARR,WEB ALLSTEP2,61714,130
Vancouver Aquatic Centre,Holland Park,DEP,WEB ALLSTEP2,61715,130
Vancouver Olympic/Paralympic Centre,Hollywood 3 Cinemas Pitt Meadows,ARR,WEB ALLSTEP2,61716,131
Walnut Grove Community Centre,Hollywood 3 Cinemas Surrey,DEP,WEB ALLSTEP2,61717,144
Watermania,Hollywood Cinema Caprice,ARR,WEB ALLSTEP2,61718,146
WC Blair Recreation Centre,Hollywood Cinema Rialto,DEP,WEB ALLSTEP2,61719,147
Wesbrook Community Centre,Holy Family Hospital,ARR,WEB ALLSTEP2,61720,150
West End Community Centre,Horseshoe Bay Ferry Terminal,DEP,WEB ALLSTEP2,61721,151
West Point Grey Community Centre,HR MacMillan Space Centre,ARR,WEB ALLSTEP2,61722,152
West Richmond Community Centre,Hyde Creek Recreation Centre,DEP,WEB ALLSTEP2,61769,153
West Vancouver Aquatic Centre,IKEA - Coquitlam,ARR,WEB ALLSTEP2,61772,159
White Rock Community Centre,IKEA - Richmond,DEP,WEB ALLSTEP2,61776,160
William Griffin Recreation Centre,Illumination Summer Night Market-Seasonal Destination,ARR,WEB ALLSTEP2,61782,160
Willingdon Centre,Inlet Centre Station,DEP,WEB ALLSTEP2,61917,169
Willowbrook Recreation Centre,International Village,ARR,WEB ALLSTEP2,61934,171
Winskill Aquatic Centre and Fitness Centre,International Village,DEP,WEB ALLSTEP2,61935,172
Vancouver Convention Centre,Inverness St and 43rd Ave,ARR,WEB ALLSTEP2,61979,173
Anmore Village Hall,Ironwood Library,DEP,WEB ALLSTEP2,50273,174
Belcarra Village Hall,Ironwood Plaza,ARR,WEB ALLSTEP2,50298,175
Burnaby City Hall,Italian Cultural Centre,DEP,WEB ALLSTEP2,50447,179
Burnaby RCMP,James St and 29th Ave,ARR,WEB ALLSTEP2,50448,183
Burnaby School Board,Jericho Arts Centre,DEP,WEB ALLSTEP2,50600,185
Coquitlam City Hall,Jericho Beach Park,ARR,WEB ALLSTEP2,50640,186
Coquitlam RCMP,Jim Pattison Outpatient Care and Surgery Centre,DEP,WEB ALLSTEP2,50641,187
Coquitlam School Board,Joe Fortes Library,ARR,WEB ALLSTEP2,50737,188
Delta Municipal Hall,John Braithwaite Community Centre,DEP,WEB ALLSTEP2,50738,189
Delta Police,Joyce-Collingwood Station,ARR,WEB ALLSTEP2,50955,191
Delta School Board,Jubilee Ave and Irmin St,DEP,WEB ALLSTEP2,51120,228
GVRD - Metro Vancouver,Justice Institute of BC,ARR,WEB ALLSTEP2,51470,229
Langley City Hall,Karen Magnussen Recreation Centre,DEP,WEB ALLSTEP2,51695,230
Langley RCMP,Kennedy House Seniors Recreation Centre,ARR,WEB ALLSTEP2,51747,231
Langley School Board,Kensington Ave and Sumas St,DEP,WEB ALLSTEP2,51761,232
Langley Township Hall,Kensington Community Centre,ARR,WEB ALLSTEP2,51861,236
Maple Ridge District Hall,Kensington Complex,DEP,WEB ALLSTEP2,51893,239
Maple Ridge-Pitt Meadows School Board,Kensington Library,ARR,WEB ALLSTEP2,52123,239
New Westminster City Hall,Kent Street Activity Centre,DEP,WEB ALLSTEP2,52220,242
New Westminster Police,Kerrisdale Community Centre,ARR,WEB ALLSTEP2,52717,246
New Westminster Provincial Court,Kerrisdale Cyclone Taylor Arena,DEP,WEB ALLSTEP2,52807,246
New Westminster School Board,Kerrisdale Library,ARR,WEB ALLSTEP2,52998,250
North Fraser Pretrial Centre,Killarney Community Centre,DEP,WEB ALLSTEP2,53096,251
North Vancouver City Hall,King Edward Station,ARR,WEB ALLSTEP2,54026,252
North Vancouver District Hall,King George Station,DEP,WEB ALLSTEP2,54077,253
North Vancouver Provincial Court,Kingsgate Mall,ARR,WEB ALLSTEP2,54100,254
North Vancouver RCMP,Kinsmen Recreation Centre,DEP,WEB ALLSTEP2,54119,255
North Vancouver School Board,Kisbey Ave and Burns Pl,ARR,WEB ALLSTEP2,54134,256
Pitt Meadows City Hall,Kitisilano Neighbourhood House,DEP,WEB ALLSTEP2,54165,257
Port Coquitlam City Hall,Kitsilano Beach,ARR,WEB ALLSTEP2,54196,258
Port Coquitlam Provincial Court,Kitsilano Library,DEP,WEB ALLSTEP2,54333,258
Port Moody City Hall,Kitsilano War Memorial Community Centre,ARR,WEB ALLSTEP2,54410,262
Port Moody Police,Knight St and 47th Ave,DEP,WEB ALLSTEP2,54411,301
RCMP E-Division Headquarters,Kootenay Loop,ARR,WEB ALLSTEP2,54421,301
Richmond City Hall,Kwantlen Polytechnic University - Cloverdale,DEP,WEB ALLSTEP2,54423,311
Richmond Provincial Court,Kwantlen Polytechnic University - Langley,ARR,WEB ALLSTEP2,54424,319
Richmond RCMP,Kwantlen Polytechnic University - Richmond,DEP,WEB ALLSTEP2,54425,320
Richmond School Board,Kwantlen Polytechnic University - Surrey,ARR,WEB ALLSTEP2,54441,321
Ridge Meadows RCMP,Kwantlen Polytechnic University Civic Plaza,DEP,WEB ALLSTEP2,54442,322
Surrey City Hall,Ladner Exchange,ARR,WEB ALLSTEP2,54516,323
Surrey Pretrial Services Centre,Ladner Exchange Park & Ride,DEP,WEB ALLSTEP2,54608,324
Surrey Provincial Court,Ladner Leisure Centre,ARR,WEB ALLSTEP2,54793,325
Surrey RCMP,Lafarge Lake - Douglas Station,DEP,WEB ALLSTEP2,54824,335
Surrey School Board,Lake City Way Station,ARR,WEB ALLSTEP2,54876,341
Surrey School District Conference Centre,Lanark St and 49th Ave,DEP,WEB ALLSTEP2,54877,342
Vancouver City Hall,Landmark Cinemas 10,ARR,WEB ALLSTEP2,54878,351
Vancouver Family & Youth Court,Landmark Cinemas 12 Guildford,DEP,WEB ALLSTEP2,54887,352
Vancouver Jail,Lang Centre Richmond,ARR,WEB ALLSTEP2,55041,354
Vancouver Police,Langara - 49th Station,DEP,WEB ALLSTEP2,55128,364
Vancouver Provincial Court,Langara College,ARR,WEB ALLSTEP2,55131,372
Vancouver School Board,Langley Airport,DEP,WEB ALLSTEP2,55164,393
Vancouver Small Claims Court,Langley Centre,ARR,WEB ALLSTEP2,55178,395
Vancouver Supreme Court,Langley City Hall,DEP,WEB ALLSTEP2,55179,401
Vancouver Traffic Court,Langley City Library,ARR,WEB ALLSTEP2,55192,402
West Vancouver Municipal Hall,Langley Events Centre,DEP,WEB ALLSTEP2,55299,403
West Vancouver Police,Langley Memorial Hospital,ARR,WEB ALLSTEP2,55411,404
West Vancouver School Board,Langley RCMP,DEP,WEB ALLSTEP2,55456,405
White Rock City Hall,Langley School Board,ARR,WEB ALLSTEP2,55488,406
Worksafe BC,Langley Sportsplex,DEP,WEB ALLSTEP2,55489,407
BC Cancer Agency Vancouver,Langley Township Hall,ARR,WEB ALLSTEP2,55499,408
BC Cancer Ageny Fraser Valley,Lansdowne Centre,DEP,WEB ALLSTEP2,55538,410
Burnaby Hospital,Lansdowne Dr and Aberdeen Ave,ARR,WEB ALLSTEP2,55578,412
Canuck Place,Lansdowne Station,DEP,WEB ALLSTEP2,55645,414
Centre for Child Development,Larch St and 12th Ave,ARR,WEB ALLSTEP2,55688,416
Children's Hospital,Laurel Medical Clinic,DEP,WEB ALLSTEP2,55760,430
Delta Hospital,Laurel St and 21st Ave,ARR,WEB ALLSTEP2,55941,480
Delta View Life Enrichment Centre,Lighthouse Park,DEP,WEB ALLSTEP2,55944,501
Diamond Health Care Centre,Lincoln Station,ARR,WEB ALLSTEP2,56019,560
Eagle Ridge Hospital,Linton St and Como Lake Ave,DEP,WEB ALLSTEP2,56022,561
Easter Seals House,Lions Bay Park & Ride,ARR,WEB ALLSTEP2,56030,562
Fairmont Medical Building,Lions Gate Hospital,DEP,WEB ALLSTEP2,56081,563
Fraser Valley Cancer Centre,Little Mountain Neighbourhood House,ARR,WEB ALLSTEP2,56136,564
George Derby Long Term Care,Lonsdale Quay,DEP,WEB ALLSTEP2,56280,595
George Pearson Centre,Lonsdale Quay Market,ARR,WEB ALLSTEP2,56383,601
GF Strong Rehabilitation Centre,Lord Byng Pool,DEP,WEB ALLSTEP2,56388,602
Holy Family Hospital,Lost Property - TransLink,ARR,WEB ALLSTEP2,56394,603
Jim Pattison Outpatient Care and Surgery Centre,Lougheed Town Centre,DEP,WEB ALLSTEP2,56664,604
Langley Memorial Hospital,Lougheed Town Centre Station,ARR,WEB ALLSTEP2,56673,620
Laurel Medical Clinic,Lower Lonsdale,DEP,WEB ALLSTEP2,57027,701
Lions Gate Hospital,Lynn Canyon Suspension Bridge,ARR,WEB ALLSTEP2,57097,733
Mount Saint Joseph Hospital,Lynn Headwaters Regional Park,DEP,WEB ALLSTEP2,57136,741
Peace Arch Hospital,Lynn Valley Centre,ARR,WEB ALLSTEP2,57143,743
Queen's Park Care Centre,Lynn Valley Library,DEP,WEB ALLSTEP2,57188,744
Richmond Hospital,Lynn Valley Recreation Centre,ARR,WEB ALLSTEP2,57377,745
Ridge Meadows Hospital,Macdonald St and 9th Ave,DEP,WEB ALLSTEP2,57395,746
Riverview Hospital,Macpherson Ave and Short St,ARR,WEB ALLSTEP2,57396,748
Royal Columbian Hospital,Main St and 32nd Ave,DEP,WEB ALLSTEP2,57518,749
St. Paul's Hospital,Main Street-Science World Station,ARR,WEB ALLSTEP2,58042,791
St. Vincents Langara Hospital,Malvern Ave and Burris St,DEP,WEB ALLSTEP2,58043,2
Sunny Hill Health Centre,Manitoba St and 27th Ave,ARR,WEB ALLSTEP2,58143,4
Surrey Memorial Hospital,Maple Meadows Station,DEP,WEB ALLSTEP2,58292,7
UBC Hospital,Maple Meadows Station Park & Ride,ARR,WEB ALLSTEP2,58597,9
Vancouver Cancer Clinic,Maple Ridge District Hall,DEP,WEB ALLSTEP2,58724,14
Vancouver General Hospital,Maple Ridge Library,ARR,WEB ALLSTEP2,58725,14
VGH,Maple Ridge-Pitt Meadows School Board,DEP,WEB ALLSTEP2,58727,19
Women's Hospital,Maple St and 17th Ave,ARR,WEB ALLSTEP2,58728,25
Aldergrove Library,Maplewood Farm,DEP,WEB ALLSTEP2,58895,27
Bob Prittie Metrotown Library,Maplewood Flats Conservation Area,ARR,WEB ALLSTEP2,59237,28
Bowen Public Library,Marine Drive Station,DEP,WEB ALLSTEP2,59810,32
Brighouse Library,Marine Gateway Cinemas,ARR,WEB ALLSTEP2,59832,33
Britannia Library,Mariner Way and Hawser Ave,DEP,WEB ALLSTEP2,59852,41
Brookswood Library,Maritime Labour Centre,ARR,WEB ALLSTEP2,59863,43
Cambie Library,Market Crossing,DEP,WEB ALLSTEP2,59889,44
Cameron Library,Marpole Library,ARR,WEB ALLSTEP2,59931,49
Capilano Library,Marpole Loop,DEP,WEB ALLSTEP2,59932,68
Carnegie Library,Marpole-Oakridge Community Centre,ARR,WEB ALLSTEP2,59933,70
Champlain Library,Massey Theatre,DEP,WEB ALLSTEP2,60099,84
City Centre Library Surrey,Matthews Exchange,ARR,WEB ALLSTEP2,60100,95
Cloverdale Library,McArthurGlen Designer Outlet,DEP,WEB ALLSTEP2,60117,96
Collingwood Library,McGill Library,ARR,WEB ALLSTEP2,60158,99
Coquitlam City Centre Library,McKee House Seniors Recreation Centre,DEP,WEB ALLSTEP2,60159,110
Delta Pioneer Library,McLeod Stadium,ARR,WEB ALLSTEP2,60160,112
Dunbar Library,Meadowtown Centre,DEP,WEB ALLSTEP2,61011,116
Firehall Library,Meadowtown Centre Cinemas,ARR,WEB ALLSTEP2,61057,119
Fleetwood Library,Memorial Recreation Centre,DEP,WEB ALLSTEP2,61058,129
Fort Langley Library,Merritt Ave and Imperial St,ARR,WEB ALLSTEP2,61059,130
Fraserview Library,Metropolis at Metrotown,DEP,WEB ALLSTEP2,61060,130
George Mackie Library,Metrotown Station,ARR,WEB ALLSTEP2,61061,131
Guildford Library,Michael J. Fox Theatre,DEP,WEB ALLSTEP2,61062,144
Hastings Library,Mickey McDougall Recreation Centre,ARR,WEB ALLSTEP2,61063,146
Ironwood Library,Minoru Aquatic Centre,DEP,WEB ALLSTEP2,61064,147
Joe Fortes Library,Minoru Arena,ARR,WEB ALLSTEP2,61068,150
Kensington Library,Minoru Chapel,DEP,WEB ALLSTEP2,61069,151
Kerrisdale Library,Minoru Place Activity Centre,ARR,WEB ALLSTEP2,61070,152
Kitsilano Library,Minoru Sports Pavilion,DEP,WEB ALLSTEP2,61071,153
Langley City Library,Mission City Station,ARR,WEB ALLSTEP2,61430,159
Lynn Valley Library,Mission City Station Park & Ride,DEP,WEB ALLSTEP2,61597,160
Maple Ridge Library,Mitchell Island,ARR,WEB ALLSTEP2,61629,160
Marpole Library,Mollie Nye House,DEP,WEB ALLSTEP2,61701,169
McGill Library,Moody Centre Station,ARR,WEB ALLSTEP2,61702,171
Mount Pleasant Library,Moody Centre Station Park and Ride,DEP,WEB ALLSTEP2,61704,172
Muriel Arnason Library,Morgan Crossing,ARR,WEB ALLSTEP2,61705,173
Murrayville Library,Mount Pleasant Community Centre,DEP,WEB ALLSTEP2,61709,174
New Westminster Library,Mount Pleasant Library,ARR,WEB ALLSTEP2,61710,175
Newton Library,Mount Pleasant Neighbourhood House,DEP,WEB ALLSTEP2,61711,179
North Vancouver City Library,Mount Saint Joseph Hospital,ARR,WEB ALLSTEP2,61712,183
Oakridge Library,Mundy Park,DEP,WEB ALLSTEP2,61713,185
Ocean Park Library,Muriel Arnason Library,ARR,WEB ALLSTEP2,61714,186
Parkgate Library,Murrayville Library,DEP,WEB ALLSTEP2,61715,187
Pitt Meadows Library,Museum of Anthropology at UBC,ARR,WEB ALLSTEP2,61716,188
Poirier Library,Museum Of Vancouver,DEP,WEB ALLSTEP2,61717,189
Port Moody Library,Nanaimo Station,ARR,WEB ALLSTEP2,61718,191
Renfrew Library,Nat Bailey Stadium,DEP,WEB ALLSTEP2,61719,228
Semiahmoo Library,Nelson Ave and Watling St,ARR,WEB ALLSTEP2,61720,229
South Hill Library,Nestor St and Gambier Ave,DEP,WEB ALLSTEP2,61721,230
Steveston Library,New Brighton Pool,ARR,WEB ALLSTEP2,61722,231
Strawberry Hill Library,New Westminster City Hall,DEP,WEB ALLSTEP2,61769,232
Terry Fox Library,New Westminster Library,ARR,WEB ALLSTEP2,61772,236
Terry Salman Library,New Westminster Police,DEP,WEB ALLSTEP2,61776,239
Tommy Douglas Library,New Westminster Provincial Court,ARR,WEB ALLSTEP2,61782,239
Tsawwassen Library,New Westminster School Board,DEP,WEB ALLSTEP2,61917,242
Vancouver Public Library Central Branch,New Westminster Station,ARR,WEB ALLSTEP2,61934,246
Walnut Grove Library,Newport Village,DEP,WEB ALLSTEP2,61935,246
West Point Grey Library,Newton Arena,ARR,WEB ALLSTEP2,61979,250
West Vancouver Memorial Library,Newton Athletic Park,DEP,WEB ALLSTEP2,50273,251
White Rock Library,Newton Exchange,ARR,WEB ALLSTEP2,50298,252
Cinematheque,Newton Library,DEP,WEB ALLSTEP2,50447,253
Colossus Langley,Newton Recreation Centre,ARR,WEB ALLSTEP2,50448,254
Dunbar Theatre,Newton Seniors' Centre,DEP,WEB ALLSTEP2,50600,255
Esplanade 6 Cinemas,Newton Wave Pool,ARR,WEB ALLSTEP2,50640,256
Fifth Avenue Cinemas,Newton Youth Centre,DEP,WEB ALLSTEP2,50641,257
Hollywood 3 Cinemas Pitt Meadows,Nicola Valley Institute of Technology,ARR,WEB ALLSTEP2,50737,258
Hollywood 3 Cinemas Surrey,Nitobe Memorial Gardens,DEP,WEB ALLSTEP2,50738,258
Hollywood Cinema Caprice,North Delta Recreation Centre,ARR,WEB ALLSTEP2,50955,262
Hollywood Cinema Rialto,North Fraser Pretrial Centre,DEP,WEB ALLSTEP2,51120,301
International Village,North Shore Neighbourhood House,ARR,WEB ALLSTEP2,51470,301
Landmark Cinemas 10,North Shore Studios,DEP,WEB ALLSTEP2,51695,311
Landmark Cinemas 12 Guildford,North Surrey Recreation Centre,ARR,WEB ALLSTEP2,51747,319
Marine Gateway Cinemas,North Vancouver City Hall,DEP,WEB ALLSTEP2,51761,320
Meadowtown Centre Cinemas,North Vancouver City Library,ARR,WEB ALLSTEP2,51861,321
Omnimax Theatre,North Vancouver District Hall,DEP,WEB ALLSTEP2,51893,322
Park and Tilford Theatres,North Vancouver Provincial Court,ARR,WEB ALLSTEP2,52123,323
Park Theatre,North Vancouver RCMP,DEP,WEB ALLSTEP2,52220,324
Rio Theatre,North Vancouver School Board,ARR,WEB ALLSTEP2,52717,325
Scotiabank Theatre,Oak St and 20th Ave,DEP,WEB ALLSTEP2,52807,335
Silvercity Coquitlam,Oakridge – 41st Avenue Station,ARR,WEB ALLSTEP2,52998,341
Silvercity Metropolis,Oakridge Centre,DEP,WEB ALLSTEP2,53096,342
Silvercity Riverport,Oakridge Library,ARR,WEB ALLSTEP2,54026,351
Strawberry Hill Cineplex Odeon,Ocean Park,DEP,WEB ALLSTEP2,54077,352
Twilight Drive-in,Ocean Park Library,ARR,WEB ALLSTEP2,54100,354
Vancity Theatre,Old Barn Community Centre,DEP,WEB ALLSTEP2,54119,364
Bridgeport Station Park & Ride,Olympic Village Station,ARR,WEB ALLSTEP2,54134,372
Carvolth Exchange Park & Ride,Omnimax Theatre,DEP,WEB ALLSTEP2,54165,393
Coquitlam Station Park & Ride,Ontario St and 28th Ave,ARR,WEB ALLSTEP2,54196,395
East Guildford Park & Ride,Oppenheimer Park,DEP,WEB ALLSTEP2,54333,401
Gleneagles Park & Ride,Orpheum Theatre,ARR,WEB ALLSTEP2,54410,402
Ladner Exchange Park & Ride,Pacific Centre,DEP,WEB ALLSTEP2,54411,403
Lions Bay Park & Ride,Pacific Coach Lines,ARR,WEB ALLSTEP2,54421,404
Maple Meadows Station Park & Ride,Pacific Coliseum,DEP,WEB ALLSTEP2,54423,405
Mission City Station Park & Ride,Pacific Spirit Regional Park,ARR,WEB ALLSTEP2,54424,406
Moody Centre Station Park and Ride,Panorama Village Shopping Centre,DEP,WEB ALLSTEP2,54425,407
Park Royal Park & Ride,Park and Tilford Gardens,ARR,WEB ALLSTEP2,54441,408
Phibbs Exchange Park & Ride,Park and Tilford Theatres,DEP,WEB ALLSTEP2,54442,410
Pitt Meadows Station Park & Ride,Park Royal Exchange,ARR,WEB ALLSTEP2,54516,412
PNE Park & Ride,Park Royal Park & Ride,DEP,WEB ALLSTEP2,54608,414
Port Coquitlam Station Park & Ride,Park Royal Shopping Centre,ARR,WEB ALLSTEP2,54793,416
Production Way-University Station Park & Ride,Park Theatre,DEP,WEB ALLSTEP2,54824,430
Scott Road Station Park & Ride,Parker Place,ARR,WEB ALLSTEP2,54876,480
South Delta Exchange Park & Ride,Parkgate Community Centre,DEP,WEB ALLSTEP2,54877,501
South Surrey Park & Ride,Parkgate Library,ARR,WEB ALLSTEP2,54878,560
West Bay Park & Ride,Parkgate Village Shopping Centre,DEP,WEB ALLSTEP2,54887,561
Westmount Park & Ride,Patterson Ave and Carson St,ARR,WEB ALLSTEP2,55041,562
Ambleside Park,Patterson Station,DEP,WEB ALLSTEP2,55128,563
Barnet Marine Park,Peace Arch Hospital,ARR,WEB ALLSTEP2,55131,564
Bear Creek Park,Peninsula Village Shopping Centre,DEP,WEB ALLSTEP2,55164,595
Belcarra Regional Park,Percy Perry Stadium,ARR,WEB ALLSTEP2,55178,601
Bloedel Conservatory,Phibbs Exchange,DEP,WEB ALLSTEP2,55179,602
Blue Mountain Park,Phibbs Exchange Park & Ride,ARR,WEB ALLSTEP2,55192,603
Boundary Bay Regional Park,Pine Cres and 19th Ave,DEP,WEB ALLSTEP2,55299,604
Bowen Crippen Regional Park,Pinetree Community Centre,ARR,WEB ALLSTEP2,55411,620
Buntzen Lake,Pitt Meadows City Hall,DEP,WEB ALLSTEP2,55456,701
Burnaby Lake Regional Park,Pitt Meadows Library,ARR,WEB ALLSTEP2,55488,733
Burnaby Mountain Conservation Area,Pitt Meadows Station,DEP,WEB ALLSTEP2,55489,741
Capilano Regional Park,Pitt Meadows Station Park & Ride,ARR,WEB ALLSTEP2,55499,743
Capilano Salmon Hatchery,Planet Ice Coquitlam,DEP,WEB ALLSTEP2,55538,744
Capilano Suspension Bridge,Planet Ice Maple Ridge,ARR,WEB ALLSTEP2,55578,745
Cates Park,Planetarium,DEP,WEB ALLSTEP2,55645,746
Central Park,Playland,ARR,WEB ALLSTEP2,55688,748
Cleveland Dam,PNE,DEP,WEB ALLSTEP2,55760,749
Colony Farm Regional Park,PNE Park & Ride,ARR,WEB ALLSTEP2,55941,791
Como Lake Park,Poirier Community Centre,DEP,WEB ALLSTEP2,55944,2
Coopers Park,Poirier Forum,ARR,WEB ALLSTEP2,56019,4
Crescent Beach,Poirier Library,DEP,WEB ALLSTEP2,56022,7
Deas Island Regional Park,Poirier Sport and Leisure Complex,ARR,WEB ALLSTEP2,56030,9
Deep Cove,Poirier St and Cornell Ave,DEP,WEB ALLSTEP2,56081,14
Deer Lake Park,Ponderosa St and Crabbe Ave,ARR,WEB ALLSTEP2,56136,14
Dr. Sun Yat-Sen Chinese Garden,Port Coquitlam City Hall,DEP,WEB ALLSTEP2,56280,19
English Bay,Port Coquitlam Provincial Court,ARR,WEB ALLSTEP2,56383,25
Fort Langley National Historic Site,Port Coquitlam Recreation Complex,DEP,WEB ALLSTEP2,56388,27
Garry Point Park,Port Coquitlam Station,ARR,WEB ALLSTEP2,56394,28
Grouse Mountain,Port Coquitlam Station Park & Ride,DEP,WEB ALLSTEP2,56664,32
Hillcrest Park,Port Haney Station,ARR,WEB ALLSTEP2,56673,33
Holland Park,Port Moody Arts Centre,DEP,WEB ALLSTEP2,57027,41
Jericho Beach Park,Port Moody City Hall,ARR,WEB ALLSTEP2,57097,43
Kitsilano Beach,Port Moody Library,DEP,WEB ALLSTEP2,57136,44
Lighthouse Park,Port Moody Police,ARR,WEB ALLSTEP2,57143,49
Lynn Canyon Suspension Bridge,Port Moody Recreation Complex,DEP,WEB ALLSTEP2,57188,68
Lynn Headwaters Regional Park,Port Moody Station Museum,ARR,WEB ALLSTEP2,57377,70
Maplewood Farm,Porter St and Foster Ave,DEP,WEB ALLSTEP2,57395,84
Maplewood Flats Conservation Area,Prince Albert St and 38th Ave,ARR,WEB ALLSTEP2,57396,95
Mundy Park,Prince Edward St and 31st Ave,DEP,WEB ALLSTEP2,57518,96
Nitobe Memorial Gardens,Production Way - University Stn,ARR,WEB ALLSTEP2,58042,99
Oppenheimer Park,Production Way-University Station Park & Ride,DEP,WEB ALLSTEP2,58043,110
Pacific Spirit Regional Park,Quebec St and 30th Ave,ARR,WEB ALLSTEP2,58143,112
Park and Tilford Gardens,Queen Elizabeth Park,DEP,WEB ALLSTEP2,58292,116
Queen Elizabeth Park,Queen Elizabeth Theatre,ARR,WEB ALLSTEP2,58597,119
Queen's Park,Queen's Park,DEP,WEB ALLSTEP2,58724,129
Richmond Nature Park,Queens Park Arena,ARR,WEB ALLSTEP2,58725,130
Rocky Point Park,Queens Park Arenex,DEP,WEB ALLSTEP2,58727,130
South Surrey Athletic Park,Queen's Park Care Centre,ARR,WEB ALLSTEP2,58728,131
Stanley Park,Queensborough Community Centre,DEP,WEB ALLSTEP2,58895,144
UBC Botanical Gardens,Queensborough Landing,ARR,WEB ALLSTEP2,59237,146
Van Dusen Gardens,Ray-Cam Co-operative Centre,DEP,WEB ALLSTEP2,59810,147
Vanier Park,RCMP E-Division Headquarters,ARR,WEB ALLSTEP2,59832,150
Victory Square,Renfrew Library,DEP,WEB ALLSTEP2,59852,151
White Pine Beach,Renfrew Park Community Centre,ARR,WEB ALLSTEP2,59863,152
White Rock Beach,Renfrew Station,DEP,WEB ALLSTEP2,59889,153
Wreck Beach,Richmond – Brighouse Station,ARR,WEB ALLSTEP2,59931,159
BCIT - Aerospace Technology Campus,Richmond Art Gallery,DEP,WEB ALLSTEP2,59932,160
BCIT - Downtown Campus,Richmond Centre,ARR,WEB ALLSTEP2,59933,160
BCIT - Main Campus,Richmond City Hall,DEP,WEB ALLSTEP2,60099,169
BCIT Motive Power Centre of Excellence,Richmond Hospital,ARR,WEB ALLSTEP2,60100,171
BCIT - Pacific Marine Institute,Richmond Ice Centre,DEP,WEB ALLSTEP2,60117,172
Capilano University,Richmond Nature Park,ARR,WEB ALLSTEP2,60158,173
Columbia College,Richmond Night Market-Seasonal Destination,DEP,WEB ALLSTEP2,60159,174
Douglas College - David Lam Campus,Richmond Olympic Oval,ARR,WEB ALLSTEP2,60160,175
Douglas College - New Westminster,Richmond Provincial Court,DEP,WEB ALLSTEP2,61011,179
Emily Carr University,Richmond RCMP,ARR,WEB ALLSTEP2,61057,183
Great Northern Way Campus,Richmond School Board,DEP,WEB ALLSTEP2,61058,185
Justice Institute of BC,Ridge Meadows Hospital,ARR,WEB ALLSTEP2,61059,186
Kwantlen Polytechnic University Civic Plaza,Ridge Meadows RCMP,DEP,WEB ALLSTEP2,61060,187
Kwantlen Polytechnic University - Cloverdale,Rio Theatre,ARR,WEB ALLSTEP2,61061,188
Kwantlen Polytechnic University - Langley,River Market at Westminster Quay,DEP,WEB ALLSTEP2,61062,189
Kwantlen Polytechnic University - Richmond,River Rock Casino Resort,ARR,WEB ALLSTEP2,61063,191
Kwantlen Polytechnic University - Surrey,Riverport Sports Complex,DEP,WEB ALLSTEP2,61064,228
Langara College,Riverview Hospital,ARR,WEB ALLSTEP2,61068,229
Nicola Valley Institute of Technology,Robson Street,DEP,WEB ALLSTEP2,61069,230
SFU,Rocky Point Park,ARR,WEB ALLSTEP2,61070,231
SFU - Harbour Centre Campus,Rogers Arena,DEP,WEB ALLSTEP2,61071,232
SFU - School for the Contemporary Arts,Ron Andrews Recreation Centre,ARR,WEB ALLSTEP2,61430,236
SFU - Surrey Campus,Ross St and 40th Ave,DEP,WEB ALLSTEP2,61597,239
Simon Fraser University,Roundhouse Community Centre,ARR,WEB ALLSTEP2,61629,239
Trinity Western University,Royal City Centre,DEP,WEB ALLSTEP2,61701,242
UBC - Robson Square,Royal Columbian Hospital,ARR,WEB ALLSTEP2,61702,246
University of British Columbia,Royal Oak Ave and Sidley St,DEP,WEB ALLSTEP2,61704,246
VCC - Broadway Campus,Royal Oak Station,ARR,WEB ALLSTEP2,61705,250
VCC - Downtown Campus,Rupert Station,DEP,WEB ALLSTEP2,61709,251
Aberdeen Centre,Russell Ave and Bryant St,ARR,WEB ALLSTEP2,61710,252
Brentwood Town Centre,Sapperton Station,DEP,WEB ALLSTEP2,61711,253
Capilano Mall,Sasamat Neighbourhood House,ARR,WEB ALLSTEP2,61712,254
Caulfeild Village,Schoolhouse St and Eden Ave,DEP,WEB ALLSTEP2,61713,255
Central at Garden City,Science World,ARR,WEB ALLSTEP2,61714,256
Central City,Scotiabank Theatre,DEP,WEB ALLSTEP2,61715,257
Champlain Square,Scott Road Station,ARR,WEB ALLSTEP2,61716,258
Chinatown,Scott Road Station Park & Ride,DEP,WEB ALLSTEP2,61717,258
City Square Shopping Centre,Scottsdale Exchange,ARR,WEB ALLSTEP2,61718,262
Commercial Drive,Scottsdale Mall,DEP,WEB ALLSTEP2,61719,301
Coquitlam Centre Mall,Sea Island Centre Station,ARR,WEB ALLSTEP2,61720,301
Downtown Vancouver,Sea Island Community Centre,DEP,WEB ALLSTEP2,61721,311
Dundarave Village,Seabus Downtown Vancouver,ARR,WEB ALLSTEP2,61722,319
Edgemont Village,Seabus Lonsdale Quay,DEP,WEB ALLSTEP2,61769,320
Fremont Village Shopping Centre,Seafair Centre,ARR,WEB ALLSTEP2,61772,321
Gastown,Semiahmoo Library,DEP,WEB ALLSTEP2,61776,322
Grandview Corners,Semiahmoo Shopping Centre,ARR,WEB ALLSTEP2,61782,323
Granville Island,Seycove Recreation Centre,DEP,WEB ALLSTEP2,61917,324
Guildford Town Centre,Seylynn Recreation Centre,ARR,WEB ALLSTEP2,61934,325
Harbour Centre,SFU,DEP,WEB ALLSTEP2,61935,335
Highgate Village,SFU - Harbour Centre Campus,ARR,WEB ALLSTEP2,61979,341
IKEA - Coquitlam,SFU - School for the Contemporary Arts,DEP,WEB ALLSTEP2,50273,342
IKEA - Richmond,SFU - Surrey Campus,ARR,WEB ALLSTEP2,50298,351
Illumination Summer Night Market-Seasonal Destination,SFU Loop,DEP,WEB ALLSTEP2,50447,352
International Village,SFU Transportation Centre,ARR,WEB ALLSTEP2,50448,354
Ironwood Plaza,Shadbolt Centre for the Arts,DEP,WEB ALLSTEP2,50600,364
Kingsgate Mall,Shaughnessy Golf and Country Club,ARR,WEB ALLSTEP2,50640,372
Lansdowne Centre,Shaughnessy St and Elizabeth Dr,DEP,WEB ALLSTEP2,50641,393
Lonsdale Quay Market,Sherbrooke St and 41st Ave,ARR,WEB ALLSTEP2,50737,395
Lougheed Town Centre,Sherlock Ave and Curtis St,DEP,WEB ALLSTEP2,50738,401
Lower Lonsdale,Shipyards Night Market Seasonal Destination,ARR,WEB ALLSTEP2,50955,402
Lynn Valley Centre,Shirley Ave and Dorset St,DEP,WEB ALLSTEP2,51120,403
Market Crossing,Silver Harbour Centre,ARR,WEB ALLSTEP2,51470,404
McArthurGlen Designer Outlet,Silvercity Coquitlam,DEP,WEB ALLSTEP2,51695,405
Metropolis at Metrotown,Silvercity Metropolis,ARR,WEB ALLSTEP2,51747,406
Morgan Crossing,Silvercity Riverport,DEP,WEB ALLSTEP2,51761,407
Newport Village,Simon Fraser University,ARR,WEB ALLSTEP2,51861,408
Oakridge Centre,Simon Fraser University,DEP,WEB ALLSTEP2,51893,410
Ocean Park,Sinclair Centre,ARR,WEB ALLSTEP2,52123,412
Pacific Centre,Snug Cove,DEP,WEB ALLSTEP2,52220,414
Panorama Village Shopping Centre,Softball City,ARR,WEB ALLSTEP2,52717,416
Park Royal Shopping Centre,Sophia St and 33rd Ave,DEP,WEB ALLSTEP2,52807,430
Parker Place,South Arm Community Centre,ARR,WEB ALLSTEP2,52998,480
Parkgate Village Shopping Centre,South Burnaby Neighbourhood House,DEP,WEB ALLSTEP2,53096,501
Peninsula Village Shopping Centre,South Delta Exchange,ARR,WEB ALLSTEP2,54026,560
Queensborough Landing,South Delta Exchange Park & Ride,DEP,WEB ALLSTEP2,54077,561
Richmond Centre,South Delta Recreation Centre,ARR,WEB ALLSTEP2,54100,562
Richmond Night Market-Seasonal Destination,South Hill Library,DEP,WEB ALLSTEP2,54119,563
River Market at Westminster Quay,South Point Exchange,ARR,WEB ALLSTEP2,54134,564
Robson Street,South Surrey Arena,DEP,WEB ALLSTEP2,54165,595
Royal City Centre,South Surrey Athletic Park,ARR,WEB ALLSTEP2,54196,601
Scottsdale Mall,South Surrey Community Recreation Centre,DEP,WEB ALLSTEP2,54333,602
Seafair Centre,South Surrey Indoor Pool,ARR,WEB ALLSTEP2,54410,603
Semiahmoo Shopping Centre,South Surrey Park & Ride,DEP,WEB ALLSTEP2,54411,604
Shipyards Night Market Seasonal Destination,South Vancouver Neighbourhood House,ARR,WEB ALLSTEP2,54421,620
Sinclair Centre,Spanish Banks Loop,DEP,WEB ALLSTEP2,54423,701
South Point Exchange,Sperling - Burnaby Lake Station,ARR,WEB ALLSTEP2,54424,733
Tsawwassen Commons,Sperling Ave and Haszard St,DEP,WEB ALLSTEP2,54425,741
Tsawwassen Mills,St George St and 34th Ave,ARR,WEB ALLSTEP2,54441,743
West End,St. Paul's Hospital,DEP,WEB ALLSTEP2,54442,744
Westminster Quay,St. Vincents Langara Hospital,ARR,WEB ALLSTEP2,54516,745
Westview Mall,Stadium-Chinatown Station,DEP,WEB ALLSTEP2,54608,746
Willowbrook,Stanley Park,ARR,WEB ALLSTEP2,54793,748
Yaletown,Stanley Park Loop,DEP,WEB ALLSTEP2,54824,749
Yaohan Centre,Stanley Theatre,ARR,WEB ALLSTEP2,54876,791
BC Place,Starlight Casino,DEP,WEB ALLSTEP2,54877,2
Big Splash Waterpark,Stephen St and 10th Ave,ARR,WEB ALLSTEP2,54878,4
Bridge Studios,Steveston Community Centre,DEP,WEB ALLSTEP2,54887,7
Cloverdale Fairgrounds,Steveston Library,ARR,WEB ALLSTEP2,55041,9
Commodore Ballroom,Steveston Transit Terminus,DEP,WEB ALLSTEP2,55128,14
Croatian Cultural Centre,Steveston Village,ARR,WEB ALLSTEP2,55131,14
Harry Jerome Sports Centre,Strathcona Community Centre,DEP,WEB ALLSTEP2,55164,19
Italian Cultural Centre,Strawberry Hill Cineplex Odeon,ARR,WEB ALLSTEP2,55178,25
Langley Events Centre,Strawberry Hill Library,DEP,WEB ALLSTEP2,55179,27
McLeod Stadium,Summit Community Centre,ARR,WEB ALLSTEP2,55192,28
Nat Bailey Stadium,Sungod Recreation Centre,DEP,WEB ALLSTEP2,55299,32
North Shore Studios,Sunny Hill Health Centre,ARR,WEB ALLSTEP2,55411,33
Pacific Coliseum,Sunset Community Centre,DEP,WEB ALLSTEP2,55456,41
Percy Perry Stadium,Sunset Rink,ARR,WEB ALLSTEP2,55488,43
Playland,Surrey Arts Centre,DEP,WEB ALLSTEP2,55489,44
PNE,Surrey Central Station,ARR,WEB ALLSTEP2,55499,49
Riverport Sports Complex,Surrey City Hall,DEP,WEB ALLSTEP2,55538,68
Rogers Arena,Surrey Memorial Hospital,ARR,WEB ALLSTEP2,55578,70
Shaughnessy Golf and Country Club,Surrey Museum & Archives,DEP,WEB ALLSTEP2,55645,84
Softball City,Surrey Pretrial Services Centre,ARR,WEB ALLSTEP2,55688,95
Swangard Stadium,Surrey Provincial Court,DEP,WEB ALLSTEP2,55760,96
Thunderbird Stadium,Surrey RCMP,ARR,WEB ALLSTEP2,55941,99
University Golf Club,Surrey School Board,DEP,WEB ALLSTEP2,55944,110
22nd St Station,Surrey School District Conference Centre,ARR,WEB ALLSTEP2,56019,112
29th Avenue Station,Surrey Sport & Leisure Complex,DEP,WEB ALLSTEP2,56022,116
54th Avenue Loop,Sussex Ave and Portland St,ARR,WEB ALLSTEP2,56030,119
63rd Avenue Loop,Swangard Stadium,DEP,WEB ALLSTEP2,56081,129
Aberdeen Station,Tallin Ave and Halifax St,ARR,WEB ALLSTEP2,56136,130
Anmore Grocery Store,Templeton Pool,DEP,WEB ALLSTEP2,56280,130
Blanca Loop,Templeton Station,ARR,WEB ALLSTEP2,56383,131
Boundary Loop,Terry Fox Library,DEP,WEB ALLSTEP2,56388,144
Bowen Artisan Square,Terry Fox Theatre,ARR,WEB ALLSTEP2,56394,146
Bowen Bluewater,Terry Salman Library,DEP,WEB ALLSTEP2,56664,147
Bowen Eaglecliff at Baker,The Centre in Vancouver,ARR,WEB ALLSTEP2,56673,150
Bowen Snug Cove,The Cultch,DEP,WEB ALLSTEP2,57027,151
Braid Station,Theatre Under the Stars,ARR,WEB ALLSTEP2,57097,152
Brentwood Town Centre Station,Thompson Community Centre,DEP,WEB ALLSTEP2,57136,153
Bridgeport Station,Thunderbird Arena,ARR,WEB ALLSTEP2,57143,159
Brighouse Station,Thunderbird Community Centre,DEP,WEB ALLSTEP2,57188,160
Broadway - City Hall Station,Thunderbird Stadium,ARR,WEB ALLSTEP2,57377,160
Burquitlam Station,Timms Community Centre,DEP,WEB ALLSTEP2,57395,169
Burrard Station,Tommy Douglas Library,ARR,WEB ALLSTEP2,57396,171
Carvolth Exchange,Tong Louie Family YMCA,DEP,WEB ALLSTEP2,57518,172
Columbia Station,Trafalgar St and 11th Ave,ARR,WEB ALLSTEP2,58042,173
Commercial - Broadway Station,Trinity Western University,DEP,WEB ALLSTEP2,58043,174
Coquitlam Central Station,Trout Lake Community Centre,ARR,WEB ALLSTEP2,58143,175
Dunbar Loop,Trutch St and 6th Ave,DEP,WEB ALLSTEP2,58292,179
Edmonds Station,Tsawwassen Commons,ARR,WEB ALLSTEP2,58597,183
FareDealer Office - TransLink,Tsawwassen Ferry Terminal,DEP,WEB ALLSTEP2,58724,185
Gateway Station,Tsawwassen Library,ARR,WEB ALLSTEP2,58725,186
Gilmore Station,Tsawwassen Mills,DEP,WEB ALLSTEP2,58727,187
Granville Station,Tupper St and 24th Ave,ARR,WEB ALLSTEP2,58728,188
Guildford Exchange,Twilight Drive-in,DEP,WEB ALLSTEP2,58895,189
Haney Place Transit Exchange,UBC - Robson Square,ARR,WEB ALLSTEP2,59237,191
Harrison Loop,UBC Botanical Gardens,DEP,WEB ALLSTEP2,59810,228
Heather Square,UBC Exchange,ARR,WEB ALLSTEP2,59832,229
Holdom Station,UBC Hospital,DEP,WEB ALLSTEP2,59852,230
Inlet Centre Station,University Golf Club,ARR,WEB ALLSTEP2,59863,231
Joyce-Collingwood Station,University of British Columbia,DEP,WEB ALLSTEP2,59889,232
King Edward Station,Van Dusen Gardens,ARR,WEB ALLSTEP2,59931,236
King George Station,Vancity Theatre,DEP,WEB ALLSTEP2,59932,239
Kootenay Loop,Vancouver Academy of Music,ARR,WEB ALLSTEP2,59933,239
Ladner Exchange,Vancouver Aquarium,DEP,WEB ALLSTEP2,60099,242
Lafarge Lake - Douglas Station,Vancouver Aquatic Centre,ARR,WEB ALLSTEP2,60100,246
Lake City Way Station,Vancouver Art Gallery,DEP,WEB ALLSTEP2,60117,246
Langara - 49th Station,Vancouver Cancer Clinic,ARR,WEB ALLSTEP2,60158,250
Langley Centre,Vancouver City Centre Station,DEP,WEB ALLSTEP2,60159,251
Lansdowne Station,Vancouver City Hall,ARR,WEB ALLSTEP2,60160,252
Lincoln Station,Vancouver Convention Centre,DEP,WEB ALLSTEP2,61011,253
Lonsdale Quay,Vancouver East Cultural Centre,ARR,WEB ALLSTEP2,61057,254
Lost Property - TransLink,Vancouver Family & Youth Court,DEP,WEB ALLSTEP2,61058,255
Lougheed Town Centre Station,Vancouver General Hospital,ARR,WEB ALLSTEP2,61059,256
Main Street-Science World Station,Vancouver Harbour Flight Centre,DEP,WEB ALLSTEP2,61060,257
Maple Meadows Station,Vancouver International Airport,ARR,WEB ALLSTEP2,61061,258
Marine Drive Station,Vancouver Jail,DEP,WEB ALLSTEP2,61062,258
Marpole Loop,Vancouver Maritime Museum,ARR,WEB ALLSTEP2,61063,262
Matthews Exchange,Vancouver Olympic/Paralympic Centre,DEP,WEB ALLSTEP2,61064,301
Meadowtown Centre,Vancouver Playhouse,ARR,WEB ALLSTEP2,61068,301
Metrotown Station,Vancouver Police,DEP,WEB ALLSTEP2,61069,311
Mission City Station,Vancouver Police Museum,ARR,WEB ALLSTEP2,61070,319
Mitchell Island,Vancouver Provincial Court,DEP,WEB ALLSTEP2,61071,320
Moody Centre Station,Vancouver Public Library Central Branch,ARR,WEB ALLSTEP2,61430,321
Nanaimo Station,Vancouver School Board,DEP,WEB ALLSTEP2,61597,322
New Westminster Station,Vancouver Small Claims Court,ARR,WEB ALLSTEP2,61629,323
Newton Exchange,Vancouver Supreme Court,DEP,WEB ALLSTEP2,61701,324
Oakridge – 41st Avenue Station,Vancouver Tourist Info Centre,ARR,WEB ALLSTEP2,61702,325
Olympic Village Station,Vancouver Traffic Court,DEP,WEB ALLSTEP2,61704,335
Park Royal Exchange,Vanier Park,ARR,WEB ALLSTEP2,61705,341
Patterson Station,VCC - Broadway Campus,DEP,WEB ALLSTEP2,61709,342
Phibbs Exchange,VCC - Clark Station,ARR,WEB ALLSTEP2,61710,351
Pitt Meadows Station,VCC - Downtown Campus,DEP,WEB ALLSTEP2,61711,352
Port Coquitlam Station,VGH,ARR,WEB ALLSTEP2,61712,354
Port Haney Station,VIA Rail,DEP,WEB ALLSTEP2,61713,364
Production Way - University Stn,Victory Square,ARR,WEB ALLSTEP2,61714,372
Renfrew Station,Vine St and 14th Ave,DEP,WEB ALLSTEP2,61715,393
Richmond – Brighouse Station,Vogue Theatre,ARR,WEB ALLSTEP2,61716,395
Royal Oak Station,Walden St and 36th Ave,DEP,WEB ALLSTEP2,61717,401
Rupert Station,Walnut Grove Community Centre,ARR,WEB ALLSTEP2,61718,402
Sapperton Station,Walnut Grove Library,DEP,WEB ALLSTEP2,61719,403
Scott Road Station,Waltham Ave and Dickens St,ARR,WEB ALLSTEP2,61720,404
Scottsdale Exchange,War Memorial Loop,DEP,WEB ALLSTEP2,61721,405
Sea Island Centre Station,Waterfront Station,ARR,WEB ALLSTEP2,61722,406
Seabus Downtown Vancouver,Waterloo St and 4th Ave,DEP,WEB ALLSTEP2,61769,407
Seabus Lonsdale Quay,Watermania,ARR,WEB ALLSTEP2,61772,408
SFU Loop,Waverley Ave and Rumble St,DEP,WEB ALLSTEP2,61776,410
SFU Transportation Centre,WC Blair Recreation Centre,ARR,WEB ALLSTEP2,61782,412
South Delta Exchange,Wesbrook Community Centre,DEP,WEB ALLSTEP2,61917,414
Spanish Banks Loop,West Bay Park & Ride,ARR,WEB ALLSTEP2,61934,416
Sperling - Burnaby Lake Station,West End,DEP,WEB ALLSTEP2,61935,430
Stadium-Chinatown Station,West End Community Centre,ARR,WEB ALLSTEP2,61979,480
Stanley Park Loop,West Point Grey Community Centre,DEP,WEB ALLSTEP2,50273,501
Steveston Transit Terminus,West Point Grey Library,ARR,WEB ALLSTEP2,50298,560
Surrey Central Station,West Richmond Community Centre,DEP,WEB ALLSTEP2,50447,561
Templeton Station,West Vancouver Aquatic Centre,ARR,WEB ALLSTEP2,50448,562
UBC Exchange,West Vancouver Memorial Library,DEP,WEB ALLSTEP2,50600,563
Vancouver City Centre Station,West Vancouver Municipal Hall,ARR,WEB ALLSTEP2,50640,564
VCC - Clark Station,West Vancouver Police,DEP,WEB ALLSTEP2,50641,595
War Memorial Loop,West Vancouver School Board,ARR,WEB ALLSTEP2,50737,601
Waterfront Station,Westminster Quay,DEP,WEB ALLSTEP2,50738,602
White Rock Centre,Westmount Park & Ride,ARR,WEB ALLSTEP2,50955,603
Yaletown - Roundhouse Station,Westview Mall,DEP,WEB ALLSTEP2,51120,604
YVR - Airport Station,Westwood St and Anson Ave,ARR,WEB ALLSTEP2,51470,620
Airport - South Terminal,White Pine Beach,DEP,WEB ALLSTEP2,51695,701
Airport - YVR,White Rock Beach,ARR,WEB ALLSTEP2,51747,733
Amtrak,White Rock Centre,DEP,WEB ALLSTEP2,51761,741
Ballantyne Pier,White Rock City Hall,ARR,WEB ALLSTEP2,51861,743
BC Ferries - Horseshoe Bay,White Rock Community Centre,DEP,WEB ALLSTEP2,51893,744
BC Ferries - Tsawwassen,White Rock Library,ARR,WEB ALLSTEP2,52123,745
Boundary Bay Airport,William Griffin Recreation Centre,DEP,WEB ALLSTEP2,52220,746
Canada Place,Willingdon Centre,ARR,WEB ALLSTEP2,52717,748
Ferry Terminal - Horseshoe Bay,Willowbrook,DEP,WEB ALLSTEP2,52807,749
Ferry Terminal - Tsawwassen,Willowbrook Recreation Centre,ARR,WEB ALLSTEP2,52998,791
Greyhound Station - Coquitlam,Windsor St and 39th Ave,DEP,WEB ALLSTEP2,53096,2
Greyhound Station - Langley,Winskill Aquatic Centre and Fitness Centre,ARR,WEB ALLSTEP2,54026,4
Greyhound Station - Maple Ridge,Women's Hospital,DEP,WEB ALLSTEP2,54077,7
Greyhound - Vancouver,Woodward's Historic District,ARR,WEB ALLSTEP2,54100,9
Helijet International,Woolwich Ave and Dawson St,DEP,WEB ALLSTEP2,54119,14
Horseshoe Bay Ferry Terminal,Worksafe BC,ARR,WEB ALLSTEP2,54134,14
Langley Airport,Wreck Beach,DEP,WEB ALLSTEP2,54165,19
Pacific Coach Lines,YVR,ARR,WEB ALLSTEP2,54196,25
Snug Cove,YVR - Airport Station,DEP,WEB ALLSTEP2,54333,27
Tsawwassen Ferry Terminal,Yaletown,ARR,WEB ALLSTEP2,54410,28
Vancouver Harbour Flight Centre,Yaletown - Roundhouse Station,DEP,WEB ALLSTEP2,54411,32
Vancouver International Airport,Yaohan Centre,ARR,WEB ALLSTEP2,54421,33
Vancouver Tourist Info Centre,Yew St and 15th Ave,DEP,WEB ALLSTEP2,54423,41
VIA Rail,York Theatre,ARR,WEB ALLSTEP2,54424,43
YVR,Yukon St and 25th Ave,DEP,WEB ALLSTEP2,54425,44
